VSM_sim=cosine_up=tfidf_ip=tfidf_load=ItemAttributes	AttributeItemKNN_nn=50_sim=cosine_bin=False_load=ItemAttributes	nDCG	2.450104361265865e-21
AttributeItemKNN_nn=50_sim=cosine_bin=False_load=ItemAttributes	VSM_sim=cosine_up=tfidf_ip=tfidf_load=ItemAttributes	nDCG	2.450104361265865e-21
VSM_sim=cosine_up=tfidf_ip=tfidf_load=ItemAttributes	AttributeItemKNN_nn=50_sim=cosine_bin=False_load=ItemAttributes	Recall	1.5311308354175307e-07
AttributeItemKNN_nn=50_sim=cosine_bin=False_load=ItemAttributes	VSM_sim=cosine_up=tfidf_ip=tfidf_load=ItemAttributes	Recall	1.5311308354175307e-07
VSM_sim=cosine_up=tfidf_ip=tfidf_load=ItemAttributes	AttributeItemKNN_nn=50_sim=cosine_bin=False_load=ItemAttributes	Precision	5.3781133437129345e-24
AttributeItemKNN_nn=50_sim=cosine_bin=False_load=ItemAttributes	VSM_sim=cosine_up=tfidf_ip=tfidf_load=ItemAttributes	Precision	5.3781133437129345e-24
VSM_sim=cosine_up=tfidf_ip=tfidf_load=ItemAttributes	AttributeItemKNN_nn=50_sim=cosine_bin=False_load=ItemAttributes	HR	1.2684808061945102e-22
AttributeItemKNN_nn=50_sim=cosine_bin=False_load=ItemAttributes	VSM_sim=cosine_up=tfidf_ip=tfidf_load=ItemAttributes	HR	1.2684808061945102e-22
VSM_sim=cosine_up=tfidf_ip=tfidf_load=ItemAttributes	AttributeItemKNN_nn=50_sim=cosine_bin=False_load=ItemAttributes	F1	2.254268764779404e-16
AttributeItemKNN_nn=50_sim=cosine_bin=False_load=ItemAttributes	VSM_sim=cosine_up=tfidf_ip=tfidf_load=ItemAttributes	F1	2.254268764779404e-16
VSM_sim=cosine_up=tfidf_ip=tfidf_load=ItemAttributes	AttributeItemKNN_nn=50_sim=cosine_bin=False_load=ItemAttributes	MAP	9.466086553140509e-23
AttributeItemKNN_nn=50_sim=cosine_bin=False_load=ItemAttributes	VSM_sim=cosine_up=tfidf_ip=tfidf_load=ItemAttributes	MAP	9.466086553140509e-23
VSM_sim=cosine_up=tfidf_ip=tfidf_load=ItemAttributes	AttributeUserKNN_nn=50_sim=cosine_profile=binary_bin=False_load=ItemAttributes	nDCG	0.0
AttributeUserKNN_nn=50_sim=cosine_profile=binary_bin=False_load=ItemAttributes	VSM_sim=cosine_up=tfidf_ip=tfidf_load=ItemAttributes	nDCG	0.0
VSM_sim=cosine_up=tfidf_ip=tfidf_load=ItemAttributes	AttributeUserKNN_nn=50_sim=cosine_profile=binary_bin=False_load=ItemAttributes	Recall	3.615161569359768e-294
AttributeUserKNN_nn=50_sim=cosine_profile=binary_bin=False_load=ItemAttributes	VSM_sim=cosine_up=tfidf_ip=tfidf_load=ItemAttributes	Recall	3.615161569359768e-294
VSM_sim=cosine_up=tfidf_ip=tfidf_load=ItemAttributes	AttributeUserKNN_nn=50_sim=cosine_profile=binary_bin=False_load=ItemAttributes	Precision	0.0
AttributeUserKNN_nn=50_sim=cosine_profile=binary_bin=False_load=ItemAttributes	VSM_sim=cosine_up=tfidf_ip=tfidf_load=ItemAttributes	Precision	0.0
VSM_sim=cosine_up=tfidf_ip=tfidf_load=ItemAttributes	AttributeUserKNN_nn=50_sim=cosine_profile=binary_bin=False_load=ItemAttributes	HR	0.0
AttributeUserKNN_nn=50_sim=cosine_profile=binary_bin=False_load=ItemAttributes	VSM_sim=cosine_up=tfidf_ip=tfidf_load=ItemAttributes	HR	0.0
VSM_sim=cosine_up=tfidf_ip=tfidf_load=ItemAttributes	AttributeUserKNN_nn=50_sim=cosine_profile=binary_bin=False_load=ItemAttributes	F1	0.0
AttributeUserKNN_nn=50_sim=cosine_profile=binary_bin=False_load=ItemAttributes	VSM_sim=cosine_up=tfidf_ip=tfidf_load=ItemAttributes	F1	0.0
VSM_sim=cosine_up=tfidf_ip=tfidf_load=ItemAttributes	AttributeUserKNN_nn=50_sim=cosine_profile=binary_bin=False_load=ItemAttributes	MAP	0.0
AttributeUserKNN_nn=50_sim=cosine_profile=binary_bin=False_load=ItemAttributes	VSM_sim=cosine_up=tfidf_ip=tfidf_load=ItemAttributes	MAP	0.0
VSM_sim=cosine_up=tfidf_ip=tfidf_load=ItemAttributes	EASER_neighborhood=50_l2_norm=1000$0	nDCG	1.0553994605806324e-78
EASER_neighborhood=50_l2_norm=1000$0	VSM_sim=cosine_up=tfidf_ip=tfidf_load=ItemAttributes	nDCG	1.0553994605806324e-78
VSM_sim=cosine_up=tfidf_ip=tfidf_load=ItemAttributes	EASER_neighborhood=50_l2_norm=1000$0	Recall	8.982897329843135e-38
EASER_neighborhood=50_l2_norm=1000$0	VSM_sim=cosine_up=tfidf_ip=tfidf_load=ItemAttributes	Recall	8.982897329843135e-38
VSM_sim=cosine_up=tfidf_ip=tfidf_load=ItemAttributes	EASER_neighborhood=50_l2_norm=1000$0	Precision	5.885732753026786e-103
EASER_neighborhood=50_l2_norm=1000$0	VSM_sim=cosine_up=tfidf_ip=tfidf_load=ItemAttributes	Precision	5.885732753026786e-103
VSM_sim=cosine_up=tfidf_ip=tfidf_load=ItemAttributes	EASER_neighborhood=50_l2_norm=1000$0	HR	1.2897085238187232e-102
EASER_neighborhood=50_l2_norm=1000$0	VSM_sim=cosine_up=tfidf_ip=tfidf_load=ItemAttributes	HR	1.2897085238187232e-102
VSM_sim=cosine_up=tfidf_ip=tfidf_load=ItemAttributes	EASER_neighborhood=50_l2_norm=1000$0	F1	4.985901429966679e-71
EASER_neighborhood=50_l2_norm=1000$0	VSM_sim=cosine_up=tfidf_ip=tfidf_load=ItemAttributes	F1	4.985901429966679e-71
VSM_sim=cosine_up=tfidf_ip=tfidf_load=ItemAttributes	EASER_neighborhood=50_l2_norm=1000$0	MAP	2.8661945584447093e-71
EASER_neighborhood=50_l2_norm=1000$0	VSM_sim=cosine_up=tfidf_ip=tfidf_load=ItemAttributes	MAP	2.8661945584447093e-71
VSM_sim=cosine_up=tfidf_ip=tfidf_load=ItemAttributes	RP3beta_neighborhood=50_alpha=1$0_beta=0$5_normalize_similarity=True	nDCG	0.0
RP3beta_neighborhood=50_alpha=1$0_beta=0$5_normalize_similarity=True	VSM_sim=cosine_up=tfidf_ip=tfidf_load=ItemAttributes	nDCG	0.0
VSM_sim=cosine_up=tfidf_ip=tfidf_load=ItemAttributes	RP3beta_neighborhood=50_alpha=1$0_beta=0$5_normalize_similarity=True	Recall	0.0
RP3beta_neighborhood=50_alpha=1$0_beta=0$5_normalize_similarity=True	VSM_sim=cosine_up=tfidf_ip=tfidf_load=ItemAttributes	Recall	0.0
VSM_sim=cosine_up=tfidf_ip=tfidf_load=ItemAttributes	RP3beta_neighborhood=50_alpha=1$0_beta=0$5_normalize_similarity=True	Precision	0.0
RP3beta_neighborhood=50_alpha=1$0_beta=0$5_normalize_similarity=True	VSM_sim=cosine_up=tfidf_ip=tfidf_load=ItemAttributes	Precision	0.0
VSM_sim=cosine_up=tfidf_ip=tfidf_load=ItemAttributes	RP3beta_neighborhood=50_alpha=1$0_beta=0$5_normalize_similarity=True	HR	0.0
RP3beta_neighborhood=50_alpha=1$0_beta=0$5_normalize_similarity=True	VSM_sim=cosine_up=tfidf_ip=tfidf_load=ItemAttributes	HR	0.0
VSM_sim=cosine_up=tfidf_ip=tfidf_load=ItemAttributes	RP3beta_neighborhood=50_alpha=1$0_beta=0$5_normalize_similarity=True	F1	0.0
RP3beta_neighborhood=50_alpha=1$0_beta=0$5_normalize_similarity=True	VSM_sim=cosine_up=tfidf_ip=tfidf_load=ItemAttributes	F1	0.0
VSM_sim=cosine_up=tfidf_ip=tfidf_load=ItemAttributes	RP3beta_neighborhood=50_alpha=1$0_beta=0$5_normalize_similarity=True	MAP	0.0
RP3beta_neighborhood=50_alpha=1$0_beta=0$5_normalize_similarity=True	VSM_sim=cosine_up=tfidf_ip=tfidf_load=ItemAttributes	MAP	0.0
VSM_sim=cosine_up=tfidf_ip=tfidf_load=ItemAttributes	ItemKNN_nn=50_sim=cosine_imp=standard_bin=False_shrink=0_norm=True_asymalpha=_tvalpha=_tvbeta=_rweights=	nDCG	0.0
ItemKNN_nn=50_sim=cosine_imp=standard_bin=False_shrink=0_norm=True_asymalpha=_tvalpha=_tvbeta=_rweights=	VSM_sim=cosine_up=tfidf_ip=tfidf_load=ItemAttributes	nDCG	0.0
VSM_sim=cosine_up=tfidf_ip=tfidf_load=ItemAttributes	ItemKNN_nn=50_sim=cosine_imp=standard_bin=False_shrink=0_norm=True_asymalpha=_tvalpha=_tvbeta=_rweights=	Recall	0.0
ItemKNN_nn=50_sim=cosine_imp=standard_bin=False_shrink=0_norm=True_asymalpha=_tvalpha=_tvbeta=_rweights=	VSM_sim=cosine_up=tfidf_ip=tfidf_load=ItemAttributes	Recall	0.0
VSM_sim=cosine_up=tfidf_ip=tfidf_load=ItemAttributes	ItemKNN_nn=50_sim=cosine_imp=standard_bin=False_shrink=0_norm=True_asymalpha=_tvalpha=_tvbeta=_rweights=	Precision	0.0
ItemKNN_nn=50_sim=cosine_imp=standard_bin=False_shrink=0_norm=True_asymalpha=_tvalpha=_tvbeta=_rweights=	VSM_sim=cosine_up=tfidf_ip=tfidf_load=ItemAttributes	Precision	0.0
VSM_sim=cosine_up=tfidf_ip=tfidf_load=ItemAttributes	ItemKNN_nn=50_sim=cosine_imp=standard_bin=False_shrink=0_norm=True_asymalpha=_tvalpha=_tvbeta=_rweights=	HR	0.0
ItemKNN_nn=50_sim=cosine_imp=standard_bin=False_shrink=0_norm=True_asymalpha=_tvalpha=_tvbeta=_rweights=	VSM_sim=cosine_up=tfidf_ip=tfidf_load=ItemAttributes	HR	0.0
VSM_sim=cosine_up=tfidf_ip=tfidf_load=ItemAttributes	ItemKNN_nn=50_sim=cosine_imp=standard_bin=False_shrink=0_norm=True_asymalpha=_tvalpha=_tvbeta=_rweights=	F1	0.0
ItemKNN_nn=50_sim=cosine_imp=standard_bin=False_shrink=0_norm=True_asymalpha=_tvalpha=_tvbeta=_rweights=	VSM_sim=cosine_up=tfidf_ip=tfidf_load=ItemAttributes	F1	0.0
VSM_sim=cosine_up=tfidf_ip=tfidf_load=ItemAttributes	ItemKNN_nn=50_sim=cosine_imp=standard_bin=False_shrink=0_norm=True_asymalpha=_tvalpha=_tvbeta=_rweights=	MAP	0.0
ItemKNN_nn=50_sim=cosine_imp=standard_bin=False_shrink=0_norm=True_asymalpha=_tvalpha=_tvbeta=_rweights=	VSM_sim=cosine_up=tfidf_ip=tfidf_load=ItemAttributes	MAP	0.0
VSM_sim=cosine_up=tfidf_ip=tfidf_load=ItemAttributes	UserKNN_nn=50_sim=cosine_imp=standard_bin=False_shrink=0_norm=True_asymalpha=_tvalpha=_tvbeta=_rweights=	nDCG	0.0
UserKNN_nn=50_sim=cosine_imp=standard_bin=False_shrink=0_norm=True_asymalpha=_tvalpha=_tvbeta=_rweights=	VSM_sim=cosine_up=tfidf_ip=tfidf_load=ItemAttributes	nDCG	0.0
VSM_sim=cosine_up=tfidf_ip=tfidf_load=ItemAttributes	UserKNN_nn=50_sim=cosine_imp=standard_bin=False_shrink=0_norm=True_asymalpha=_tvalpha=_tvbeta=_rweights=	Recall	2.0225274965540267e-288
UserKNN_nn=50_sim=cosine_imp=standard_bin=False_shrink=0_norm=True_asymalpha=_tvalpha=_tvbeta=_rweights=	VSM_sim=cosine_up=tfidf_ip=tfidf_load=ItemAttributes	Recall	2.0225274965540267e-288
VSM_sim=cosine_up=tfidf_ip=tfidf_load=ItemAttributes	UserKNN_nn=50_sim=cosine_imp=standard_bin=False_shrink=0_norm=True_asymalpha=_tvalpha=_tvbeta=_rweights=	Precision	0.0
UserKNN_nn=50_sim=cosine_imp=standard_bin=False_shrink=0_norm=True_asymalpha=_tvalpha=_tvbeta=_rweights=	VSM_sim=cosine_up=tfidf_ip=tfidf_load=ItemAttributes	Precision	0.0
VSM_sim=cosine_up=tfidf_ip=tfidf_load=ItemAttributes	UserKNN_nn=50_sim=cosine_imp=standard_bin=False_shrink=0_norm=True_asymalpha=_tvalpha=_tvbeta=_rweights=	HR	0.0
UserKNN_nn=50_sim=cosine_imp=standard_bin=False_shrink=0_norm=True_asymalpha=_tvalpha=_tvbeta=_rweights=	VSM_sim=cosine_up=tfidf_ip=tfidf_load=ItemAttributes	HR	0.0
VSM_sim=cosine_up=tfidf_ip=tfidf_load=ItemAttributes	UserKNN_nn=50_sim=cosine_imp=standard_bin=False_shrink=0_norm=True_asymalpha=_tvalpha=_tvbeta=_rweights=	F1	0.0
UserKNN_nn=50_sim=cosine_imp=standard_bin=False_shrink=0_norm=True_asymalpha=_tvalpha=_tvbeta=_rweights=	VSM_sim=cosine_up=tfidf_ip=tfidf_load=ItemAttributes	F1	0.0
VSM_sim=cosine_up=tfidf_ip=tfidf_load=ItemAttributes	UserKNN_nn=50_sim=cosine_imp=standard_bin=False_shrink=0_norm=True_asymalpha=_tvalpha=_tvbeta=_rweights=	MAP	0.0
UserKNN_nn=50_sim=cosine_imp=standard_bin=False_shrink=0_norm=True_asymalpha=_tvalpha=_tvbeta=_rweights=	VSM_sim=cosine_up=tfidf_ip=tfidf_load=ItemAttributes	MAP	0.0
VSM_sim=cosine_up=tfidf_ip=tfidf_load=ItemAttributes	MostPop	nDCG	0.0
MostPop	VSM_sim=cosine_up=tfidf_ip=tfidf_load=ItemAttributes	nDCG	0.0
VSM_sim=cosine_up=tfidf_ip=tfidf_load=ItemAttributes	MostPop	Recall	0.0
MostPop	VSM_sim=cosine_up=tfidf_ip=tfidf_load=ItemAttributes	Recall	0.0
VSM_sim=cosine_up=tfidf_ip=tfidf_load=ItemAttributes	MostPop	Precision	0.0
MostPop	VSM_sim=cosine_up=tfidf_ip=tfidf_load=ItemAttributes	Precision	0.0
VSM_sim=cosine_up=tfidf_ip=tfidf_load=ItemAttributes	MostPop	HR	0.0
MostPop	VSM_sim=cosine_up=tfidf_ip=tfidf_load=ItemAttributes	HR	0.0
VSM_sim=cosine_up=tfidf_ip=tfidf_load=ItemAttributes	MostPop	F1	0.0
MostPop	VSM_sim=cosine_up=tfidf_ip=tfidf_load=ItemAttributes	F1	0.0
VSM_sim=cosine_up=tfidf_ip=tfidf_load=ItemAttributes	MostPop	MAP	0.0
MostPop	VSM_sim=cosine_up=tfidf_ip=tfidf_load=ItemAttributes	MAP	0.0
VSM_sim=cosine_up=tfidf_ip=tfidf_load=ItemAttributes	Random_seed=42	nDCG	0.18863156760678723
Random_seed=42	VSM_sim=cosine_up=tfidf_ip=tfidf_load=ItemAttributes	nDCG	0.18863156760678723
VSM_sim=cosine_up=tfidf_ip=tfidf_load=ItemAttributes	Random_seed=42	Recall	0.8259519065673376
Random_seed=42	VSM_sim=cosine_up=tfidf_ip=tfidf_load=ItemAttributes	Recall	0.8259519065673376
VSM_sim=cosine_up=tfidf_ip=tfidf_load=ItemAttributes	Random_seed=42	Precision	0.4810887043792632
Random_seed=42	VSM_sim=cosine_up=tfidf_ip=tfidf_load=ItemAttributes	Precision	0.4810887043792632
VSM_sim=cosine_up=tfidf_ip=tfidf_load=ItemAttributes	Random_seed=42	HR	0.15364545777203925
Random_seed=42	VSM_sim=cosine_up=tfidf_ip=tfidf_load=ItemAttributes	HR	0.15364545777203925
VSM_sim=cosine_up=tfidf_ip=tfidf_load=ItemAttributes	Random_seed=42	F1	0.4778919883514354
Random_seed=42	VSM_sim=cosine_up=tfidf_ip=tfidf_load=ItemAttributes	F1	0.4778919883514354
VSM_sim=cosine_up=tfidf_ip=tfidf_load=ItemAttributes	Random_seed=42	MAP	0.08845148532648535
Random_seed=42	VSM_sim=cosine_up=tfidf_ip=tfidf_load=ItemAttributes	MAP	0.08845148532648535
AttributeItemKNN_nn=50_sim=cosine_bin=False_load=ItemAttributes	AttributeUserKNN_nn=50_sim=cosine_profile=binary_bin=False_load=ItemAttributes	nDCG	0.0
AttributeUserKNN_nn=50_sim=cosine_profile=binary_bin=False_load=ItemAttributes	AttributeItemKNN_nn=50_sim=cosine_bin=False_load=ItemAttributes	nDCG	0.0
AttributeItemKNN_nn=50_sim=cosine_bin=False_load=ItemAttributes	AttributeUserKNN_nn=50_sim=cosine_profile=binary_bin=False_load=ItemAttributes	Recall	9.830381943030274e-273
AttributeUserKNN_nn=50_sim=cosine_profile=binary_bin=False_load=ItemAttributes	AttributeItemKNN_nn=50_sim=cosine_bin=False_load=ItemAttributes	Recall	9.830381943030274e-273
AttributeItemKNN_nn=50_sim=cosine_bin=False_load=ItemAttributes	AttributeUserKNN_nn=50_sim=cosine_profile=binary_bin=False_load=ItemAttributes	Precision	0.0
AttributeUserKNN_nn=50_sim=cosine_profile=binary_bin=False_load=ItemAttributes	AttributeItemKNN_nn=50_sim=cosine_bin=False_load=ItemAttributes	Precision	0.0
AttributeItemKNN_nn=50_sim=cosine_bin=False_load=ItemAttributes	AttributeUserKNN_nn=50_sim=cosine_profile=binary_bin=False_load=ItemAttributes	HR	0.0
AttributeUserKNN_nn=50_sim=cosine_profile=binary_bin=False_load=ItemAttributes	AttributeItemKNN_nn=50_sim=cosine_bin=False_load=ItemAttributes	HR	0.0
AttributeItemKNN_nn=50_sim=cosine_bin=False_load=ItemAttributes	AttributeUserKNN_nn=50_sim=cosine_profile=binary_bin=False_load=ItemAttributes	F1	0.0
AttributeUserKNN_nn=50_sim=cosine_profile=binary_bin=False_load=ItemAttributes	AttributeItemKNN_nn=50_sim=cosine_bin=False_load=ItemAttributes	F1	0.0
AttributeItemKNN_nn=50_sim=cosine_bin=False_load=ItemAttributes	AttributeUserKNN_nn=50_sim=cosine_profile=binary_bin=False_load=ItemAttributes	MAP	0.0
AttributeUserKNN_nn=50_sim=cosine_profile=binary_bin=False_load=ItemAttributes	AttributeItemKNN_nn=50_sim=cosine_bin=False_load=ItemAttributes	MAP	0.0
AttributeItemKNN_nn=50_sim=cosine_bin=False_load=ItemAttributes	EASER_neighborhood=50_l2_norm=1000$0	nDCG	1.599877403494527e-30
EASER_neighborhood=50_l2_norm=1000$0	AttributeItemKNN_nn=50_sim=cosine_bin=False_load=ItemAttributes	nDCG	1.599877403494527e-30
AttributeItemKNN_nn=50_sim=cosine_bin=False_load=ItemAttributes	EASER_neighborhood=50_l2_norm=1000$0	Recall	2.7317581844037725e-11
EASER_neighborhood=50_l2_norm=1000$0	AttributeItemKNN_nn=50_sim=cosine_bin=False_load=ItemAttributes	Recall	2.7317581844037725e-11
AttributeItemKNN_nn=50_sim=cosine_bin=False_load=ItemAttributes	EASER_neighborhood=50_l2_norm=1000$0	Precision	3.234070825908932e-42
EASER_neighborhood=50_l2_norm=1000$0	AttributeItemKNN_nn=50_sim=cosine_bin=False_load=ItemAttributes	Precision	3.234070825908932e-42
AttributeItemKNN_nn=50_sim=cosine_bin=False_load=ItemAttributes	EASER_neighborhood=50_l2_norm=1000$0	HR	1.0883242598154332e-38
EASER_neighborhood=50_l2_norm=1000$0	AttributeItemKNN_nn=50_sim=cosine_bin=False_load=ItemAttributes	HR	1.0883242598154332e-38
AttributeItemKNN_nn=50_sim=cosine_bin=False_load=ItemAttributes	EASER_neighborhood=50_l2_norm=1000$0	F1	4.798219446735168e-25
EASER_neighborhood=50_l2_norm=1000$0	AttributeItemKNN_nn=50_sim=cosine_bin=False_load=ItemAttributes	F1	4.798219446735168e-25
AttributeItemKNN_nn=50_sim=cosine_bin=False_load=ItemAttributes	EASER_neighborhood=50_l2_norm=1000$0	MAP	9.317608899929062e-20
EASER_neighborhood=50_l2_norm=1000$0	AttributeItemKNN_nn=50_sim=cosine_bin=False_load=ItemAttributes	MAP	9.317608899929062e-20
AttributeItemKNN_nn=50_sim=cosine_bin=False_load=ItemAttributes	RP3beta_neighborhood=50_alpha=1$0_beta=0$5_normalize_similarity=True	nDCG	0.0
RP3beta_neighborhood=50_alpha=1$0_beta=0$5_normalize_similarity=True	AttributeItemKNN_nn=50_sim=cosine_bin=False_load=ItemAttributes	nDCG	0.0
AttributeItemKNN_nn=50_sim=cosine_bin=False_load=ItemAttributes	RP3beta_neighborhood=50_alpha=1$0_beta=0$5_normalize_similarity=True	Recall	0.0
RP3beta_neighborhood=50_alpha=1$0_beta=0$5_normalize_similarity=True	AttributeItemKNN_nn=50_sim=cosine_bin=False_load=ItemAttributes	Recall	0.0
AttributeItemKNN_nn=50_sim=cosine_bin=False_load=ItemAttributes	RP3beta_neighborhood=50_alpha=1$0_beta=0$5_normalize_similarity=True	Precision	0.0
RP3beta_neighborhood=50_alpha=1$0_beta=0$5_normalize_similarity=True	AttributeItemKNN_nn=50_sim=cosine_bin=False_load=ItemAttributes	Precision	0.0
AttributeItemKNN_nn=50_sim=cosine_bin=False_load=ItemAttributes	RP3beta_neighborhood=50_alpha=1$0_beta=0$5_normalize_similarity=True	HR	0.0
RP3beta_neighborhood=50_alpha=1$0_beta=0$5_normalize_similarity=True	AttributeItemKNN_nn=50_sim=cosine_bin=False_load=ItemAttributes	HR	0.0
AttributeItemKNN_nn=50_sim=cosine_bin=False_load=ItemAttributes	RP3beta_neighborhood=50_alpha=1$0_beta=0$5_normalize_similarity=True	F1	0.0
RP3beta_neighborhood=50_alpha=1$0_beta=0$5_normalize_similarity=True	AttributeItemKNN_nn=50_sim=cosine_bin=False_load=ItemAttributes	F1	0.0
AttributeItemKNN_nn=50_sim=cosine_bin=False_load=ItemAttributes	RP3beta_neighborhood=50_alpha=1$0_beta=0$5_normalize_similarity=True	MAP	0.0
RP3beta_neighborhood=50_alpha=1$0_beta=0$5_normalize_similarity=True	AttributeItemKNN_nn=50_sim=cosine_bin=False_load=ItemAttributes	MAP	0.0
AttributeItemKNN_nn=50_sim=cosine_bin=False_load=ItemAttributes	ItemKNN_nn=50_sim=cosine_imp=standard_bin=False_shrink=0_norm=True_asymalpha=_tvalpha=_tvbeta=_rweights=	nDCG	0.0
ItemKNN_nn=50_sim=cosine_imp=standard_bin=False_shrink=0_norm=True_asymalpha=_tvalpha=_tvbeta=_rweights=	AttributeItemKNN_nn=50_sim=cosine_bin=False_load=ItemAttributes	nDCG	0.0
AttributeItemKNN_nn=50_sim=cosine_bin=False_load=ItemAttributes	ItemKNN_nn=50_sim=cosine_imp=standard_bin=False_shrink=0_norm=True_asymalpha=_tvalpha=_tvbeta=_rweights=	Recall	0.0
ItemKNN_nn=50_sim=cosine_imp=standard_bin=False_shrink=0_norm=True_asymalpha=_tvalpha=_tvbeta=_rweights=	AttributeItemKNN_nn=50_sim=cosine_bin=False_load=ItemAttributes	Recall	0.0
AttributeItemKNN_nn=50_sim=cosine_bin=False_load=ItemAttributes	ItemKNN_nn=50_sim=cosine_imp=standard_bin=False_shrink=0_norm=True_asymalpha=_tvalpha=_tvbeta=_rweights=	Precision	0.0
ItemKNN_nn=50_sim=cosine_imp=standard_bin=False_shrink=0_norm=True_asymalpha=_tvalpha=_tvbeta=_rweights=	AttributeItemKNN_nn=50_sim=cosine_bin=False_load=ItemAttributes	Precision	0.0
AttributeItemKNN_nn=50_sim=cosine_bin=False_load=ItemAttributes	ItemKNN_nn=50_sim=cosine_imp=standard_bin=False_shrink=0_norm=True_asymalpha=_tvalpha=_tvbeta=_rweights=	HR	0.0
ItemKNN_nn=50_sim=cosine_imp=standard_bin=False_shrink=0_norm=True_asymalpha=_tvalpha=_tvbeta=_rweights=	AttributeItemKNN_nn=50_sim=cosine_bin=False_load=ItemAttributes	HR	0.0
AttributeItemKNN_nn=50_sim=cosine_bin=False_load=ItemAttributes	ItemKNN_nn=50_sim=cosine_imp=standard_bin=False_shrink=0_norm=True_asymalpha=_tvalpha=_tvbeta=_rweights=	F1	0.0
ItemKNN_nn=50_sim=cosine_imp=standard_bin=False_shrink=0_norm=True_asymalpha=_tvalpha=_tvbeta=_rweights=	AttributeItemKNN_nn=50_sim=cosine_bin=False_load=ItemAttributes	F1	0.0
AttributeItemKNN_nn=50_sim=cosine_bin=False_load=ItemAttributes	ItemKNN_nn=50_sim=cosine_imp=standard_bin=False_shrink=0_norm=True_asymalpha=_tvalpha=_tvbeta=_rweights=	MAP	0.0
ItemKNN_nn=50_sim=cosine_imp=standard_bin=False_shrink=0_norm=True_asymalpha=_tvalpha=_tvbeta=_rweights=	AttributeItemKNN_nn=50_sim=cosine_bin=False_load=ItemAttributes	MAP	0.0
AttributeItemKNN_nn=50_sim=cosine_bin=False_load=ItemAttributes	UserKNN_nn=50_sim=cosine_imp=standard_bin=False_shrink=0_norm=True_asymalpha=_tvalpha=_tvbeta=_rweights=	nDCG	0.0
UserKNN_nn=50_sim=cosine_imp=standard_bin=False_shrink=0_norm=True_asymalpha=_tvalpha=_tvbeta=_rweights=	AttributeItemKNN_nn=50_sim=cosine_bin=False_load=ItemAttributes	nDCG	0.0
AttributeItemKNN_nn=50_sim=cosine_bin=False_load=ItemAttributes	UserKNN_nn=50_sim=cosine_imp=standard_bin=False_shrink=0_norm=True_asymalpha=_tvalpha=_tvbeta=_rweights=	Recall	3.697652602617791e-275
UserKNN_nn=50_sim=cosine_imp=standard_bin=False_shrink=0_norm=True_asymalpha=_tvalpha=_tvbeta=_rweights=	AttributeItemKNN_nn=50_sim=cosine_bin=False_load=ItemAttributes	Recall	3.697652602617791e-275
AttributeItemKNN_nn=50_sim=cosine_bin=False_load=ItemAttributes	UserKNN_nn=50_sim=cosine_imp=standard_bin=False_shrink=0_norm=True_asymalpha=_tvalpha=_tvbeta=_rweights=	Precision	0.0
UserKNN_nn=50_sim=cosine_imp=standard_bin=False_shrink=0_norm=True_asymalpha=_tvalpha=_tvbeta=_rweights=	AttributeItemKNN_nn=50_sim=cosine_bin=False_load=ItemAttributes	Precision	0.0
AttributeItemKNN_nn=50_sim=cosine_bin=False_load=ItemAttributes	UserKNN_nn=50_sim=cosine_imp=standard_bin=False_shrink=0_norm=True_asymalpha=_tvalpha=_tvbeta=_rweights=	HR	0.0
UserKNN_nn=50_sim=cosine_imp=standard_bin=False_shrink=0_norm=True_asymalpha=_tvalpha=_tvbeta=_rweights=	AttributeItemKNN_nn=50_sim=cosine_bin=False_load=ItemAttributes	HR	0.0
AttributeItemKNN_nn=50_sim=cosine_bin=False_load=ItemAttributes	UserKNN_nn=50_sim=cosine_imp=standard_bin=False_shrink=0_norm=True_asymalpha=_tvalpha=_tvbeta=_rweights=	F1	0.0
UserKNN_nn=50_sim=cosine_imp=standard_bin=False_shrink=0_norm=True_asymalpha=_tvalpha=_tvbeta=_rweights=	AttributeItemKNN_nn=50_sim=cosine_bin=False_load=ItemAttributes	F1	0.0
AttributeItemKNN_nn=50_sim=cosine_bin=False_load=ItemAttributes	UserKNN_nn=50_sim=cosine_imp=standard_bin=False_shrink=0_norm=True_asymalpha=_tvalpha=_tvbeta=_rweights=	MAP	0.0
UserKNN_nn=50_sim=cosine_imp=standard_bin=False_shrink=0_norm=True_asymalpha=_tvalpha=_tvbeta=_rweights=	AttributeItemKNN_nn=50_sim=cosine_bin=False_load=ItemAttributes	MAP	0.0
AttributeItemKNN_nn=50_sim=cosine_bin=False_load=ItemAttributes	MostPop	nDCG	0.0
MostPop	AttributeItemKNN_nn=50_sim=cosine_bin=False_load=ItemAttributes	nDCG	0.0
AttributeItemKNN_nn=50_sim=cosine_bin=False_load=ItemAttributes	MostPop	Recall	1.6413758716669134e-304
MostPop	AttributeItemKNN_nn=50_sim=cosine_bin=False_load=ItemAttributes	Recall	1.6413758716669134e-304
AttributeItemKNN_nn=50_sim=cosine_bin=False_load=ItemAttributes	MostPop	Precision	0.0
MostPop	AttributeItemKNN_nn=50_sim=cosine_bin=False_load=ItemAttributes	Precision	0.0
AttributeItemKNN_nn=50_sim=cosine_bin=False_load=ItemAttributes	MostPop	HR	0.0
MostPop	AttributeItemKNN_nn=50_sim=cosine_bin=False_load=ItemAttributes	HR	0.0
AttributeItemKNN_nn=50_sim=cosine_bin=False_load=ItemAttributes	MostPop	F1	0.0
MostPop	AttributeItemKNN_nn=50_sim=cosine_bin=False_load=ItemAttributes	F1	0.0
AttributeItemKNN_nn=50_sim=cosine_bin=False_load=ItemAttributes	MostPop	MAP	0.0
MostPop	AttributeItemKNN_nn=50_sim=cosine_bin=False_load=ItemAttributes	MAP	0.0
AttributeItemKNN_nn=50_sim=cosine_bin=False_load=ItemAttributes	Random_seed=42	nDCG	1.742271211202412e-17
Random_seed=42	AttributeItemKNN_nn=50_sim=cosine_bin=False_load=ItemAttributes	nDCG	1.742271211202412e-17
AttributeItemKNN_nn=50_sim=cosine_bin=False_load=ItemAttributes	Random_seed=42	Recall	3.3072819441975306e-09
Random_seed=42	AttributeItemKNN_nn=50_sim=cosine_bin=False_load=ItemAttributes	Recall	3.3072819441975306e-09
AttributeItemKNN_nn=50_sim=cosine_bin=False_load=ItemAttributes	Random_seed=42	Precision	1.0581768658321149e-22
Random_seed=42	AttributeItemKNN_nn=50_sim=cosine_bin=False_load=ItemAttributes	Precision	1.0581768658321149e-22
AttributeItemKNN_nn=50_sim=cosine_bin=False_load=ItemAttributes	Random_seed=42	HR	1.1374160194587223e-17
Random_seed=42	AttributeItemKNN_nn=50_sim=cosine_bin=False_load=ItemAttributes	HR	1.1374160194587223e-17
AttributeItemKNN_nn=50_sim=cosine_bin=False_load=ItemAttributes	Random_seed=42	F1	7.162388716372302e-15
Random_seed=42	AttributeItemKNN_nn=50_sim=cosine_bin=False_load=ItemAttributes	F1	7.162388716372302e-15
AttributeItemKNN_nn=50_sim=cosine_bin=False_load=ItemAttributes	Random_seed=42	MAP	1.2900933812793369e-17
Random_seed=42	AttributeItemKNN_nn=50_sim=cosine_bin=False_load=ItemAttributes	MAP	1.2900933812793369e-17
AttributeUserKNN_nn=50_sim=cosine_profile=binary_bin=False_load=ItemAttributes	EASER_neighborhood=50_l2_norm=1000$0	nDCG	0.0
EASER_neighborhood=50_l2_norm=1000$0	AttributeUserKNN_nn=50_sim=cosine_profile=binary_bin=False_load=ItemAttributes	nDCG	0.0
AttributeUserKNN_nn=50_sim=cosine_profile=binary_bin=False_load=ItemAttributes	EASER_neighborhood=50_l2_norm=1000$0	Recall	6.480365680591079e-249
EASER_neighborhood=50_l2_norm=1000$0	AttributeUserKNN_nn=50_sim=cosine_profile=binary_bin=False_load=ItemAttributes	Recall	6.480365680591079e-249
AttributeUserKNN_nn=50_sim=cosine_profile=binary_bin=False_load=ItemAttributes	EASER_neighborhood=50_l2_norm=1000$0	Precision	0.0
EASER_neighborhood=50_l2_norm=1000$0	AttributeUserKNN_nn=50_sim=cosine_profile=binary_bin=False_load=ItemAttributes	Precision	0.0
AttributeUserKNN_nn=50_sim=cosine_profile=binary_bin=False_load=ItemAttributes	EASER_neighborhood=50_l2_norm=1000$0	HR	4.360192197802982e-260
EASER_neighborhood=50_l2_norm=1000$0	AttributeUserKNN_nn=50_sim=cosine_profile=binary_bin=False_load=ItemAttributes	HR	4.360192197802982e-260
AttributeUserKNN_nn=50_sim=cosine_profile=binary_bin=False_load=ItemAttributes	EASER_neighborhood=50_l2_norm=1000$0	F1	0.0
EASER_neighborhood=50_l2_norm=1000$0	AttributeUserKNN_nn=50_sim=cosine_profile=binary_bin=False_load=ItemAttributes	F1	0.0
AttributeUserKNN_nn=50_sim=cosine_profile=binary_bin=False_load=ItemAttributes	EASER_neighborhood=50_l2_norm=1000$0	MAP	0.0
EASER_neighborhood=50_l2_norm=1000$0	AttributeUserKNN_nn=50_sim=cosine_profile=binary_bin=False_load=ItemAttributes	MAP	0.0
AttributeUserKNN_nn=50_sim=cosine_profile=binary_bin=False_load=ItemAttributes	RP3beta_neighborhood=50_alpha=1$0_beta=0$5_normalize_similarity=True	nDCG	2.7529940618168217e-200
RP3beta_neighborhood=50_alpha=1$0_beta=0$5_normalize_similarity=True	AttributeUserKNN_nn=50_sim=cosine_profile=binary_bin=False_load=ItemAttributes	nDCG	2.7529940618168217e-200
AttributeUserKNN_nn=50_sim=cosine_profile=binary_bin=False_load=ItemAttributes	RP3beta_neighborhood=50_alpha=1$0_beta=0$5_normalize_similarity=True	Recall	1.402982539766659e-79
RP3beta_neighborhood=50_alpha=1$0_beta=0$5_normalize_similarity=True	AttributeUserKNN_nn=50_sim=cosine_profile=binary_bin=False_load=ItemAttributes	Recall	1.402982539766659e-79
AttributeUserKNN_nn=50_sim=cosine_profile=binary_bin=False_load=ItemAttributes	RP3beta_neighborhood=50_alpha=1$0_beta=0$5_normalize_similarity=True	Precision	4.2524665928290736e-127
RP3beta_neighborhood=50_alpha=1$0_beta=0$5_normalize_similarity=True	AttributeUserKNN_nn=50_sim=cosine_profile=binary_bin=False_load=ItemAttributes	Precision	4.2524665928290736e-127
AttributeUserKNN_nn=50_sim=cosine_profile=binary_bin=False_load=ItemAttributes	RP3beta_neighborhood=50_alpha=1$0_beta=0$5_normalize_similarity=True	HR	8.796520438469785e-47
RP3beta_neighborhood=50_alpha=1$0_beta=0$5_normalize_similarity=True	AttributeUserKNN_nn=50_sim=cosine_profile=binary_bin=False_load=ItemAttributes	HR	8.796520438469785e-47
AttributeUserKNN_nn=50_sim=cosine_profile=binary_bin=False_load=ItemAttributes	RP3beta_neighborhood=50_alpha=1$0_beta=0$5_normalize_similarity=True	F1	8.693865657985873e-114
RP3beta_neighborhood=50_alpha=1$0_beta=0$5_normalize_similarity=True	AttributeUserKNN_nn=50_sim=cosine_profile=binary_bin=False_load=ItemAttributes	F1	8.693865657985873e-114
AttributeUserKNN_nn=50_sim=cosine_profile=binary_bin=False_load=ItemAttributes	RP3beta_neighborhood=50_alpha=1$0_beta=0$5_normalize_similarity=True	MAP	2.1340496915530493e-135
RP3beta_neighborhood=50_alpha=1$0_beta=0$5_normalize_similarity=True	AttributeUserKNN_nn=50_sim=cosine_profile=binary_bin=False_load=ItemAttributes	MAP	2.1340496915530493e-135
AttributeUserKNN_nn=50_sim=cosine_profile=binary_bin=False_load=ItemAttributes	ItemKNN_nn=50_sim=cosine_imp=standard_bin=False_shrink=0_norm=True_asymalpha=_tvalpha=_tvbeta=_rweights=	nDCG	2.272099221325669e-101
ItemKNN_nn=50_sim=cosine_imp=standard_bin=False_shrink=0_norm=True_asymalpha=_tvalpha=_tvbeta=_rweights=	AttributeUserKNN_nn=50_sim=cosine_profile=binary_bin=False_load=ItemAttributes	nDCG	2.272099221325669e-101
AttributeUserKNN_nn=50_sim=cosine_profile=binary_bin=False_load=ItemAttributes	ItemKNN_nn=50_sim=cosine_imp=standard_bin=False_shrink=0_norm=True_asymalpha=_tvalpha=_tvbeta=_rweights=	Recall	9.016822845473656e-63
ItemKNN_nn=50_sim=cosine_imp=standard_bin=False_shrink=0_norm=True_asymalpha=_tvalpha=_tvbeta=_rweights=	AttributeUserKNN_nn=50_sim=cosine_profile=binary_bin=False_load=ItemAttributes	Recall	9.016822845473656e-63
AttributeUserKNN_nn=50_sim=cosine_profile=binary_bin=False_load=ItemAttributes	ItemKNN_nn=50_sim=cosine_imp=standard_bin=False_shrink=0_norm=True_asymalpha=_tvalpha=_tvbeta=_rweights=	Precision	2.916538860254867e-124
ItemKNN_nn=50_sim=cosine_imp=standard_bin=False_shrink=0_norm=True_asymalpha=_tvalpha=_tvbeta=_rweights=	AttributeUserKNN_nn=50_sim=cosine_profile=binary_bin=False_load=ItemAttributes	Precision	2.916538860254867e-124
AttributeUserKNN_nn=50_sim=cosine_profile=binary_bin=False_load=ItemAttributes	ItemKNN_nn=50_sim=cosine_imp=standard_bin=False_shrink=0_norm=True_asymalpha=_tvalpha=_tvbeta=_rweights=	HR	3.976746060421912e-30
ItemKNN_nn=50_sim=cosine_imp=standard_bin=False_shrink=0_norm=True_asymalpha=_tvalpha=_tvbeta=_rweights=	AttributeUserKNN_nn=50_sim=cosine_profile=binary_bin=False_load=ItemAttributes	HR	3.976746060421912e-30
AttributeUserKNN_nn=50_sim=cosine_profile=binary_bin=False_load=ItemAttributes	ItemKNN_nn=50_sim=cosine_imp=standard_bin=False_shrink=0_norm=True_asymalpha=_tvalpha=_tvbeta=_rweights=	F1	3.2665229695518e-95
ItemKNN_nn=50_sim=cosine_imp=standard_bin=False_shrink=0_norm=True_asymalpha=_tvalpha=_tvbeta=_rweights=	AttributeUserKNN_nn=50_sim=cosine_profile=binary_bin=False_load=ItemAttributes	F1	3.2665229695518e-95
AttributeUserKNN_nn=50_sim=cosine_profile=binary_bin=False_load=ItemAttributes	ItemKNN_nn=50_sim=cosine_imp=standard_bin=False_shrink=0_norm=True_asymalpha=_tvalpha=_tvbeta=_rweights=	MAP	6.613407097303917e-97
ItemKNN_nn=50_sim=cosine_imp=standard_bin=False_shrink=0_norm=True_asymalpha=_tvalpha=_tvbeta=_rweights=	AttributeUserKNN_nn=50_sim=cosine_profile=binary_bin=False_load=ItemAttributes	MAP	6.613407097303917e-97
AttributeUserKNN_nn=50_sim=cosine_profile=binary_bin=False_load=ItemAttributes	UserKNN_nn=50_sim=cosine_imp=standard_bin=False_shrink=0_norm=True_asymalpha=_tvalpha=_tvbeta=_rweights=	nDCG	1.4124925683121259e-69
UserKNN_nn=50_sim=cosine_imp=standard_bin=False_shrink=0_norm=True_asymalpha=_tvalpha=_tvbeta=_rweights=	AttributeUserKNN_nn=50_sim=cosine_profile=binary_bin=False_load=ItemAttributes	nDCG	1.4124925683121259e-69
AttributeUserKNN_nn=50_sim=cosine_profile=binary_bin=False_load=ItemAttributes	UserKNN_nn=50_sim=cosine_imp=standard_bin=False_shrink=0_norm=True_asymalpha=_tvalpha=_tvbeta=_rweights=	Recall	8.708302797043611e-39
UserKNN_nn=50_sim=cosine_imp=standard_bin=False_shrink=0_norm=True_asymalpha=_tvalpha=_tvbeta=_rweights=	AttributeUserKNN_nn=50_sim=cosine_profile=binary_bin=False_load=ItemAttributes	Recall	8.708302797043611e-39
AttributeUserKNN_nn=50_sim=cosine_profile=binary_bin=False_load=ItemAttributes	UserKNN_nn=50_sim=cosine_imp=standard_bin=False_shrink=0_norm=True_asymalpha=_tvalpha=_tvbeta=_rweights=	Precision	6.757727186854197e-43
UserKNN_nn=50_sim=cosine_imp=standard_bin=False_shrink=0_norm=True_asymalpha=_tvalpha=_tvbeta=_rweights=	AttributeUserKNN_nn=50_sim=cosine_profile=binary_bin=False_load=ItemAttributes	Precision	6.757727186854197e-43
AttributeUserKNN_nn=50_sim=cosine_profile=binary_bin=False_load=ItemAttributes	UserKNN_nn=50_sim=cosine_imp=standard_bin=False_shrink=0_norm=True_asymalpha=_tvalpha=_tvbeta=_rweights=	HR	6.347627688649387e-07
UserKNN_nn=50_sim=cosine_imp=standard_bin=False_shrink=0_norm=True_asymalpha=_tvalpha=_tvbeta=_rweights=	AttributeUserKNN_nn=50_sim=cosine_profile=binary_bin=False_load=ItemAttributes	HR	6.347627688649387e-07
AttributeUserKNN_nn=50_sim=cosine_profile=binary_bin=False_load=ItemAttributes	UserKNN_nn=50_sim=cosine_imp=standard_bin=False_shrink=0_norm=True_asymalpha=_tvalpha=_tvbeta=_rweights=	F1	6.026670442028933e-50
UserKNN_nn=50_sim=cosine_imp=standard_bin=False_shrink=0_norm=True_asymalpha=_tvalpha=_tvbeta=_rweights=	AttributeUserKNN_nn=50_sim=cosine_profile=binary_bin=False_load=ItemAttributes	F1	6.026670442028933e-50
AttributeUserKNN_nn=50_sim=cosine_profile=binary_bin=False_load=ItemAttributes	UserKNN_nn=50_sim=cosine_imp=standard_bin=False_shrink=0_norm=True_asymalpha=_tvalpha=_tvbeta=_rweights=	MAP	9.765730870996313e-41
UserKNN_nn=50_sim=cosine_imp=standard_bin=False_shrink=0_norm=True_asymalpha=_tvalpha=_tvbeta=_rweights=	AttributeUserKNN_nn=50_sim=cosine_profile=binary_bin=False_load=ItemAttributes	MAP	9.765730870996313e-41
AttributeUserKNN_nn=50_sim=cosine_profile=binary_bin=False_load=ItemAttributes	MostPop	nDCG	0.1562544957916562
MostPop	AttributeUserKNN_nn=50_sim=cosine_profile=binary_bin=False_load=ItemAttributes	nDCG	0.1562544957916562
AttributeUserKNN_nn=50_sim=cosine_profile=binary_bin=False_load=ItemAttributes	MostPop	Recall	1.5138988643159908e-09
MostPop	AttributeUserKNN_nn=50_sim=cosine_profile=binary_bin=False_load=ItemAttributes	Recall	1.5138988643159908e-09
AttributeUserKNN_nn=50_sim=cosine_profile=binary_bin=False_load=ItemAttributes	MostPop	Precision	6.235093296273422e-05
MostPop	AttributeUserKNN_nn=50_sim=cosine_profile=binary_bin=False_load=ItemAttributes	Precision	6.235093296273422e-05
AttributeUserKNN_nn=50_sim=cosine_profile=binary_bin=False_load=ItemAttributes	MostPop	HR	8.401916906366572e-07
MostPop	AttributeUserKNN_nn=50_sim=cosine_profile=binary_bin=False_load=ItemAttributes	HR	8.401916906366572e-07
AttributeUserKNN_nn=50_sim=cosine_profile=binary_bin=False_load=ItemAttributes	MostPop	F1	4.863553416627011e-12
MostPop	AttributeUserKNN_nn=50_sim=cosine_profile=binary_bin=False_load=ItemAttributes	F1	4.863553416627011e-12
AttributeUserKNN_nn=50_sim=cosine_profile=binary_bin=False_load=ItemAttributes	MostPop	MAP	1.852269696254202e-08
MostPop	AttributeUserKNN_nn=50_sim=cosine_profile=binary_bin=False_load=ItemAttributes	MAP	1.852269696254202e-08
AttributeUserKNN_nn=50_sim=cosine_profile=binary_bin=False_load=ItemAttributes	Random_seed=42	nDCG	0.0
Random_seed=42	AttributeUserKNN_nn=50_sim=cosine_profile=binary_bin=False_load=ItemAttributes	nDCG	0.0
AttributeUserKNN_nn=50_sim=cosine_profile=binary_bin=False_load=ItemAttributes	Random_seed=42	Recall	1.736179925096035e-301
Random_seed=42	AttributeUserKNN_nn=50_sim=cosine_profile=binary_bin=False_load=ItemAttributes	Recall	1.736179925096035e-301
AttributeUserKNN_nn=50_sim=cosine_profile=binary_bin=False_load=ItemAttributes	Random_seed=42	Precision	0.0
Random_seed=42	AttributeUserKNN_nn=50_sim=cosine_profile=binary_bin=False_load=ItemAttributes	Precision	0.0
AttributeUserKNN_nn=50_sim=cosine_profile=binary_bin=False_load=ItemAttributes	Random_seed=42	HR	0.0
Random_seed=42	AttributeUserKNN_nn=50_sim=cosine_profile=binary_bin=False_load=ItemAttributes	HR	0.0
AttributeUserKNN_nn=50_sim=cosine_profile=binary_bin=False_load=ItemAttributes	Random_seed=42	F1	0.0
Random_seed=42	AttributeUserKNN_nn=50_sim=cosine_profile=binary_bin=False_load=ItemAttributes	F1	0.0
AttributeUserKNN_nn=50_sim=cosine_profile=binary_bin=False_load=ItemAttributes	Random_seed=42	MAP	0.0
Random_seed=42	AttributeUserKNN_nn=50_sim=cosine_profile=binary_bin=False_load=ItemAttributes	MAP	0.0
EASER_neighborhood=50_l2_norm=1000$0	RP3beta_neighborhood=50_alpha=1$0_beta=0$5_normalize_similarity=True	nDCG	0.0
RP3beta_neighborhood=50_alpha=1$0_beta=0$5_normalize_similarity=True	EASER_neighborhood=50_l2_norm=1000$0	nDCG	0.0
EASER_neighborhood=50_l2_norm=1000$0	RP3beta_neighborhood=50_alpha=1$0_beta=0$5_normalize_similarity=True	Recall	2.33567444154e-313
RP3beta_neighborhood=50_alpha=1$0_beta=0$5_normalize_similarity=True	EASER_neighborhood=50_l2_norm=1000$0	Recall	2.33567444154e-313
EASER_neighborhood=50_l2_norm=1000$0	RP3beta_neighborhood=50_alpha=1$0_beta=0$5_normalize_similarity=True	Precision	0.0
RP3beta_neighborhood=50_alpha=1$0_beta=0$5_normalize_similarity=True	EASER_neighborhood=50_l2_norm=1000$0	Precision	0.0
EASER_neighborhood=50_l2_norm=1000$0	RP3beta_neighborhood=50_alpha=1$0_beta=0$5_normalize_similarity=True	HR	0.0
RP3beta_neighborhood=50_alpha=1$0_beta=0$5_normalize_similarity=True	EASER_neighborhood=50_l2_norm=1000$0	HR	0.0
EASER_neighborhood=50_l2_norm=1000$0	RP3beta_neighborhood=50_alpha=1$0_beta=0$5_normalize_similarity=True	F1	0.0
RP3beta_neighborhood=50_alpha=1$0_beta=0$5_normalize_similarity=True	EASER_neighborhood=50_l2_norm=1000$0	F1	0.0
EASER_neighborhood=50_l2_norm=1000$0	RP3beta_neighborhood=50_alpha=1$0_beta=0$5_normalize_similarity=True	MAP	0.0
RP3beta_neighborhood=50_alpha=1$0_beta=0$5_normalize_similarity=True	EASER_neighborhood=50_l2_norm=1000$0	MAP	0.0
EASER_neighborhood=50_l2_norm=1000$0	ItemKNN_nn=50_sim=cosine_imp=standard_bin=False_shrink=0_norm=True_asymalpha=_tvalpha=_tvbeta=_rweights=	nDCG	0.0
ItemKNN_nn=50_sim=cosine_imp=standard_bin=False_shrink=0_norm=True_asymalpha=_tvalpha=_tvbeta=_rweights=	EASER_neighborhood=50_l2_norm=1000$0	nDCG	0.0
EASER_neighborhood=50_l2_norm=1000$0	ItemKNN_nn=50_sim=cosine_imp=standard_bin=False_shrink=0_norm=True_asymalpha=_tvalpha=_tvbeta=_rweights=	Recall	0.0
ItemKNN_nn=50_sim=cosine_imp=standard_bin=False_shrink=0_norm=True_asymalpha=_tvalpha=_tvbeta=_rweights=	EASER_neighborhood=50_l2_norm=1000$0	Recall	0.0
EASER_neighborhood=50_l2_norm=1000$0	ItemKNN_nn=50_sim=cosine_imp=standard_bin=False_shrink=0_norm=True_asymalpha=_tvalpha=_tvbeta=_rweights=	Precision	0.0
ItemKNN_nn=50_sim=cosine_imp=standard_bin=False_shrink=0_norm=True_asymalpha=_tvalpha=_tvbeta=_rweights=	EASER_neighborhood=50_l2_norm=1000$0	Precision	0.0
EASER_neighborhood=50_l2_norm=1000$0	ItemKNN_nn=50_sim=cosine_imp=standard_bin=False_shrink=0_norm=True_asymalpha=_tvalpha=_tvbeta=_rweights=	HR	0.0
ItemKNN_nn=50_sim=cosine_imp=standard_bin=False_shrink=0_norm=True_asymalpha=_tvalpha=_tvbeta=_rweights=	EASER_neighborhood=50_l2_norm=1000$0	HR	0.0
EASER_neighborhood=50_l2_norm=1000$0	ItemKNN_nn=50_sim=cosine_imp=standard_bin=False_shrink=0_norm=True_asymalpha=_tvalpha=_tvbeta=_rweights=	F1	0.0
ItemKNN_nn=50_sim=cosine_imp=standard_bin=False_shrink=0_norm=True_asymalpha=_tvalpha=_tvbeta=_rweights=	EASER_neighborhood=50_l2_norm=1000$0	F1	0.0
EASER_neighborhood=50_l2_norm=1000$0	ItemKNN_nn=50_sim=cosine_imp=standard_bin=False_shrink=0_norm=True_asymalpha=_tvalpha=_tvbeta=_rweights=	MAP	0.0
ItemKNN_nn=50_sim=cosine_imp=standard_bin=False_shrink=0_norm=True_asymalpha=_tvalpha=_tvbeta=_rweights=	EASER_neighborhood=50_l2_norm=1000$0	MAP	0.0
EASER_neighborhood=50_l2_norm=1000$0	UserKNN_nn=50_sim=cosine_imp=standard_bin=False_shrink=0_norm=True_asymalpha=_tvalpha=_tvbeta=_rweights=	nDCG	0.0
UserKNN_nn=50_sim=cosine_imp=standard_bin=False_shrink=0_norm=True_asymalpha=_tvalpha=_tvbeta=_rweights=	EASER_neighborhood=50_l2_norm=1000$0	nDCG	0.0
EASER_neighborhood=50_l2_norm=1000$0	UserKNN_nn=50_sim=cosine_imp=standard_bin=False_shrink=0_norm=True_asymalpha=_tvalpha=_tvbeta=_rweights=	Recall	3.0455965775313357e-255
UserKNN_nn=50_sim=cosine_imp=standard_bin=False_shrink=0_norm=True_asymalpha=_tvalpha=_tvbeta=_rweights=	EASER_neighborhood=50_l2_norm=1000$0	Recall	3.0455965775313357e-255
EASER_neighborhood=50_l2_norm=1000$0	UserKNN_nn=50_sim=cosine_imp=standard_bin=False_shrink=0_norm=True_asymalpha=_tvalpha=_tvbeta=_rweights=	Precision	0.0
UserKNN_nn=50_sim=cosine_imp=standard_bin=False_shrink=0_norm=True_asymalpha=_tvalpha=_tvbeta=_rweights=	EASER_neighborhood=50_l2_norm=1000$0	Precision	0.0
EASER_neighborhood=50_l2_norm=1000$0	UserKNN_nn=50_sim=cosine_imp=standard_bin=False_shrink=0_norm=True_asymalpha=_tvalpha=_tvbeta=_rweights=	HR	2.333210127314825e-300
UserKNN_nn=50_sim=cosine_imp=standard_bin=False_shrink=0_norm=True_asymalpha=_tvalpha=_tvbeta=_rweights=	EASER_neighborhood=50_l2_norm=1000$0	HR	2.333210127314825e-300
EASER_neighborhood=50_l2_norm=1000$0	UserKNN_nn=50_sim=cosine_imp=standard_bin=False_shrink=0_norm=True_asymalpha=_tvalpha=_tvbeta=_rweights=	F1	0.0
UserKNN_nn=50_sim=cosine_imp=standard_bin=False_shrink=0_norm=True_asymalpha=_tvalpha=_tvbeta=_rweights=	EASER_neighborhood=50_l2_norm=1000$0	F1	0.0
EASER_neighborhood=50_l2_norm=1000$0	UserKNN_nn=50_sim=cosine_imp=standard_bin=False_shrink=0_norm=True_asymalpha=_tvalpha=_tvbeta=_rweights=	MAP	0.0
UserKNN_nn=50_sim=cosine_imp=standard_bin=False_shrink=0_norm=True_asymalpha=_tvalpha=_tvbeta=_rweights=	EASER_neighborhood=50_l2_norm=1000$0	MAP	0.0
EASER_neighborhood=50_l2_norm=1000$0	MostPop	nDCG	0.0
MostPop	EASER_neighborhood=50_l2_norm=1000$0	nDCG	0.0
EASER_neighborhood=50_l2_norm=1000$0	MostPop	Recall	5.661388055485159e-284
MostPop	EASER_neighborhood=50_l2_norm=1000$0	Recall	5.661388055485159e-284
EASER_neighborhood=50_l2_norm=1000$0	MostPop	Precision	0.0
MostPop	EASER_neighborhood=50_l2_norm=1000$0	Precision	0.0
EASER_neighborhood=50_l2_norm=1000$0	MostPop	HR	1.3873793125586429e-294
MostPop	EASER_neighborhood=50_l2_norm=1000$0	HR	1.3873793125586429e-294
EASER_neighborhood=50_l2_norm=1000$0	MostPop	F1	0.0
MostPop	EASER_neighborhood=50_l2_norm=1000$0	F1	0.0
EASER_neighborhood=50_l2_norm=1000$0	MostPop	MAP	0.0
MostPop	EASER_neighborhood=50_l2_norm=1000$0	MAP	0.0
EASER_neighborhood=50_l2_norm=1000$0	Random_seed=42	nDCG	1.247873735221645e-71
Random_seed=42	EASER_neighborhood=50_l2_norm=1000$0	nDCG	1.247873735221645e-71
EASER_neighborhood=50_l2_norm=1000$0	Random_seed=42	Recall	4.5082589187561895e-46
Random_seed=42	EASER_neighborhood=50_l2_norm=1000$0	Recall	4.5082589187561895e-46
EASER_neighborhood=50_l2_norm=1000$0	Random_seed=42	Precision	1.035444846936537e-98
Random_seed=42	EASER_neighborhood=50_l2_norm=1000$0	Precision	1.035444846936537e-98
EASER_neighborhood=50_l2_norm=1000$0	Random_seed=42	HR	1.942785761883017e-93
Random_seed=42	EASER_neighborhood=50_l2_norm=1000$0	HR	1.942785761883017e-93
EASER_neighborhood=50_l2_norm=1000$0	Random_seed=42	F1	2.858114535445182e-70
Random_seed=42	EASER_neighborhood=50_l2_norm=1000$0	F1	2.858114535445182e-70
EASER_neighborhood=50_l2_norm=1000$0	Random_seed=42	MAP	2.756104734491075e-62
Random_seed=42	EASER_neighborhood=50_l2_norm=1000$0	MAP	2.756104734491075e-62
RP3beta_neighborhood=50_alpha=1$0_beta=0$5_normalize_similarity=True	ItemKNN_nn=50_sim=cosine_imp=standard_bin=False_shrink=0_norm=True_asymalpha=_tvalpha=_tvbeta=_rweights=	nDCG	1.2128048616895137e-27
ItemKNN_nn=50_sim=cosine_imp=standard_bin=False_shrink=0_norm=True_asymalpha=_tvalpha=_tvbeta=_rweights=	RP3beta_neighborhood=50_alpha=1$0_beta=0$5_normalize_similarity=True	nDCG	1.2128048616895137e-27
RP3beta_neighborhood=50_alpha=1$0_beta=0$5_normalize_similarity=True	ItemKNN_nn=50_sim=cosine_imp=standard_bin=False_shrink=0_norm=True_asymalpha=_tvalpha=_tvbeta=_rweights=	Recall	2.2239067282133962e-06
ItemKNN_nn=50_sim=cosine_imp=standard_bin=False_shrink=0_norm=True_asymalpha=_tvalpha=_tvbeta=_rweights=	RP3beta_neighborhood=50_alpha=1$0_beta=0$5_normalize_similarity=True	Recall	2.2239067282133962e-06
RP3beta_neighborhood=50_alpha=1$0_beta=0$5_normalize_similarity=True	ItemKNN_nn=50_sim=cosine_imp=standard_bin=False_shrink=0_norm=True_asymalpha=_tvalpha=_tvbeta=_rweights=	Precision	0.8011484811225843
ItemKNN_nn=50_sim=cosine_imp=standard_bin=False_shrink=0_norm=True_asymalpha=_tvalpha=_tvbeta=_rweights=	RP3beta_neighborhood=50_alpha=1$0_beta=0$5_normalize_similarity=True	Precision	0.8011484811225843
RP3beta_neighborhood=50_alpha=1$0_beta=0$5_normalize_similarity=True	ItemKNN_nn=50_sim=cosine_imp=standard_bin=False_shrink=0_norm=True_asymalpha=_tvalpha=_tvbeta=_rweights=	HR	4.055285213465939e-05
ItemKNN_nn=50_sim=cosine_imp=standard_bin=False_shrink=0_norm=True_asymalpha=_tvalpha=_tvbeta=_rweights=	RP3beta_neighborhood=50_alpha=1$0_beta=0$5_normalize_similarity=True	HR	4.055285213465939e-05
RP3beta_neighborhood=50_alpha=1$0_beta=0$5_normalize_similarity=True	ItemKNN_nn=50_sim=cosine_imp=standard_bin=False_shrink=0_norm=True_asymalpha=_tvalpha=_tvbeta=_rweights=	F1	0.00016484010918646285
ItemKNN_nn=50_sim=cosine_imp=standard_bin=False_shrink=0_norm=True_asymalpha=_tvalpha=_tvbeta=_rweights=	RP3beta_neighborhood=50_alpha=1$0_beta=0$5_normalize_similarity=True	F1	0.00016484010918646285
RP3beta_neighborhood=50_alpha=1$0_beta=0$5_normalize_similarity=True	ItemKNN_nn=50_sim=cosine_imp=standard_bin=False_shrink=0_norm=True_asymalpha=_tvalpha=_tvbeta=_rweights=	MAP	0.0009805455186143997
ItemKNN_nn=50_sim=cosine_imp=standard_bin=False_shrink=0_norm=True_asymalpha=_tvalpha=_tvbeta=_rweights=	RP3beta_neighborhood=50_alpha=1$0_beta=0$5_normalize_similarity=True	MAP	0.0009805455186143997
RP3beta_neighborhood=50_alpha=1$0_beta=0$5_normalize_similarity=True	UserKNN_nn=50_sim=cosine_imp=standard_bin=False_shrink=0_norm=True_asymalpha=_tvalpha=_tvbeta=_rweights=	nDCG	4.593068266286884e-38
UserKNN_nn=50_sim=cosine_imp=standard_bin=False_shrink=0_norm=True_asymalpha=_tvalpha=_tvbeta=_rweights=	RP3beta_neighborhood=50_alpha=1$0_beta=0$5_normalize_similarity=True	nDCG	4.593068266286884e-38
RP3beta_neighborhood=50_alpha=1$0_beta=0$5_normalize_similarity=True	UserKNN_nn=50_sim=cosine_imp=standard_bin=False_shrink=0_norm=True_asymalpha=_tvalpha=_tvbeta=_rweights=	Recall	4.881887910722297e-15
UserKNN_nn=50_sim=cosine_imp=standard_bin=False_shrink=0_norm=True_asymalpha=_tvalpha=_tvbeta=_rweights=	RP3beta_neighborhood=50_alpha=1$0_beta=0$5_normalize_similarity=True	Recall	4.881887910722297e-15
RP3beta_neighborhood=50_alpha=1$0_beta=0$5_normalize_similarity=True	UserKNN_nn=50_sim=cosine_imp=standard_bin=False_shrink=0_norm=True_asymalpha=_tvalpha=_tvbeta=_rweights=	Precision	7.62096582068573e-21
UserKNN_nn=50_sim=cosine_imp=standard_bin=False_shrink=0_norm=True_asymalpha=_tvalpha=_tvbeta=_rweights=	RP3beta_neighborhood=50_alpha=1$0_beta=0$5_normalize_similarity=True	Precision	7.62096582068573e-21
RP3beta_neighborhood=50_alpha=1$0_beta=0$5_normalize_similarity=True	UserKNN_nn=50_sim=cosine_imp=standard_bin=False_shrink=0_norm=True_asymalpha=_tvalpha=_tvbeta=_rweights=	HR	8.562664009366161e-23
UserKNN_nn=50_sim=cosine_imp=standard_bin=False_shrink=0_norm=True_asymalpha=_tvalpha=_tvbeta=_rweights=	RP3beta_neighborhood=50_alpha=1$0_beta=0$5_normalize_similarity=True	HR	8.562664009366161e-23
RP3beta_neighborhood=50_alpha=1$0_beta=0$5_normalize_similarity=True	UserKNN_nn=50_sim=cosine_imp=standard_bin=False_shrink=0_norm=True_asymalpha=_tvalpha=_tvbeta=_rweights=	F1	5.36450254634216e-23
UserKNN_nn=50_sim=cosine_imp=standard_bin=False_shrink=0_norm=True_asymalpha=_tvalpha=_tvbeta=_rweights=	RP3beta_neighborhood=50_alpha=1$0_beta=0$5_normalize_similarity=True	F1	5.36450254634216e-23
RP3beta_neighborhood=50_alpha=1$0_beta=0$5_normalize_similarity=True	UserKNN_nn=50_sim=cosine_imp=standard_bin=False_shrink=0_norm=True_asymalpha=_tvalpha=_tvbeta=_rweights=	MAP	3.6242712261807803e-26
UserKNN_nn=50_sim=cosine_imp=standard_bin=False_shrink=0_norm=True_asymalpha=_tvalpha=_tvbeta=_rweights=	RP3beta_neighborhood=50_alpha=1$0_beta=0$5_normalize_similarity=True	MAP	3.6242712261807803e-26
RP3beta_neighborhood=50_alpha=1$0_beta=0$5_normalize_similarity=True	MostPop	nDCG	4.452824227114373e-227
MostPop	RP3beta_neighborhood=50_alpha=1$0_beta=0$5_normalize_similarity=True	nDCG	4.452824227114373e-227
RP3beta_neighborhood=50_alpha=1$0_beta=0$5_normalize_similarity=True	MostPop	Recall	2.112872422283579e-59
MostPop	RP3beta_neighborhood=50_alpha=1$0_beta=0$5_normalize_similarity=True	Recall	2.112872422283579e-59
RP3beta_neighborhood=50_alpha=1$0_beta=0$5_normalize_similarity=True	MostPop	Precision	6.352366719541696e-106
MostPop	RP3beta_neighborhood=50_alpha=1$0_beta=0$5_normalize_similarity=True	Precision	6.352366719541696e-106
RP3beta_neighborhood=50_alpha=1$0_beta=0$5_normalize_similarity=True	MostPop	HR	7.9726939931255e-32
MostPop	RP3beta_neighborhood=50_alpha=1$0_beta=0$5_normalize_similarity=True	HR	7.9726939931255e-32
RP3beta_neighborhood=50_alpha=1$0_beta=0$5_normalize_similarity=True	MostPop	F1	9.315401977286408e-90
MostPop	RP3beta_neighborhood=50_alpha=1$0_beta=0$5_normalize_similarity=True	F1	9.315401977286408e-90
RP3beta_neighborhood=50_alpha=1$0_beta=0$5_normalize_similarity=True	MostPop	MAP	2.4183959706071578e-116
MostPop	RP3beta_neighborhood=50_alpha=1$0_beta=0$5_normalize_similarity=True	MAP	2.4183959706071578e-116
RP3beta_neighborhood=50_alpha=1$0_beta=0$5_normalize_similarity=True	Random_seed=42	nDCG	0.0
Random_seed=42	RP3beta_neighborhood=50_alpha=1$0_beta=0$5_normalize_similarity=True	nDCG	0.0
RP3beta_neighborhood=50_alpha=1$0_beta=0$5_normalize_similarity=True	Random_seed=42	Recall	0.0
Random_seed=42	RP3beta_neighborhood=50_alpha=1$0_beta=0$5_normalize_similarity=True	Recall	0.0
RP3beta_neighborhood=50_alpha=1$0_beta=0$5_normalize_similarity=True	Random_seed=42	Precision	0.0
Random_seed=42	RP3beta_neighborhood=50_alpha=1$0_beta=0$5_normalize_similarity=True	Precision	0.0
RP3beta_neighborhood=50_alpha=1$0_beta=0$5_normalize_similarity=True	Random_seed=42	HR	0.0
Random_seed=42	RP3beta_neighborhood=50_alpha=1$0_beta=0$5_normalize_similarity=True	HR	0.0
RP3beta_neighborhood=50_alpha=1$0_beta=0$5_normalize_similarity=True	Random_seed=42	F1	0.0
Random_seed=42	RP3beta_neighborhood=50_alpha=1$0_beta=0$5_normalize_similarity=True	F1	0.0
RP3beta_neighborhood=50_alpha=1$0_beta=0$5_normalize_similarity=True	Random_seed=42	MAP	0.0
Random_seed=42	RP3beta_neighborhood=50_alpha=1$0_beta=0$5_normalize_similarity=True	MAP	0.0
ItemKNN_nn=50_sim=cosine_imp=standard_bin=False_shrink=0_norm=True_asymalpha=_tvalpha=_tvbeta=_rweights=	UserKNN_nn=50_sim=cosine_imp=standard_bin=False_shrink=0_norm=True_asymalpha=_tvalpha=_tvbeta=_rweights=	nDCG	0.004822738629053783
UserKNN_nn=50_sim=cosine_imp=standard_bin=False_shrink=0_norm=True_asymalpha=_tvalpha=_tvbeta=_rweights=	ItemKNN_nn=50_sim=cosine_imp=standard_bin=False_shrink=0_norm=True_asymalpha=_tvalpha=_tvbeta=_rweights=	nDCG	0.004822738629053783
ItemKNN_nn=50_sim=cosine_imp=standard_bin=False_shrink=0_norm=True_asymalpha=_tvalpha=_tvbeta=_rweights=	UserKNN_nn=50_sim=cosine_imp=standard_bin=False_shrink=0_norm=True_asymalpha=_tvalpha=_tvbeta=_rweights=	Recall	0.016580241663296438
UserKNN_nn=50_sim=cosine_imp=standard_bin=False_shrink=0_norm=True_asymalpha=_tvalpha=_tvbeta=_rweights=	ItemKNN_nn=50_sim=cosine_imp=standard_bin=False_shrink=0_norm=True_asymalpha=_tvalpha=_tvbeta=_rweights=	Recall	0.016580241663296438
ItemKNN_nn=50_sim=cosine_imp=standard_bin=False_shrink=0_norm=True_asymalpha=_tvalpha=_tvbeta=_rweights=	UserKNN_nn=50_sim=cosine_imp=standard_bin=False_shrink=0_norm=True_asymalpha=_tvalpha=_tvbeta=_rweights=	Precision	5.5916179975889436e-21
UserKNN_nn=50_sim=cosine_imp=standard_bin=False_shrink=0_norm=True_asymalpha=_tvalpha=_tvbeta=_rweights=	ItemKNN_nn=50_sim=cosine_imp=standard_bin=False_shrink=0_norm=True_asymalpha=_tvalpha=_tvbeta=_rweights=	Precision	5.5916179975889436e-21
ItemKNN_nn=50_sim=cosine_imp=standard_bin=False_shrink=0_norm=True_asymalpha=_tvalpha=_tvbeta=_rweights=	UserKNN_nn=50_sim=cosine_imp=standard_bin=False_shrink=0_norm=True_asymalpha=_tvalpha=_tvbeta=_rweights=	HR	1.0628445665387955e-10
UserKNN_nn=50_sim=cosine_imp=standard_bin=False_shrink=0_norm=True_asymalpha=_tvalpha=_tvbeta=_rweights=	ItemKNN_nn=50_sim=cosine_imp=standard_bin=False_shrink=0_norm=True_asymalpha=_tvalpha=_tvbeta=_rweights=	HR	1.0628445665387955e-10
ItemKNN_nn=50_sim=cosine_imp=standard_bin=False_shrink=0_norm=True_asymalpha=_tvalpha=_tvbeta=_rweights=	UserKNN_nn=50_sim=cosine_imp=standard_bin=False_shrink=0_norm=True_asymalpha=_tvalpha=_tvbeta=_rweights=	F1	8.240550004722292e-10
UserKNN_nn=50_sim=cosine_imp=standard_bin=False_shrink=0_norm=True_asymalpha=_tvalpha=_tvbeta=_rweights=	ItemKNN_nn=50_sim=cosine_imp=standard_bin=False_shrink=0_norm=True_asymalpha=_tvalpha=_tvbeta=_rweights=	F1	8.240550004722292e-10
ItemKNN_nn=50_sim=cosine_imp=standard_bin=False_shrink=0_norm=True_asymalpha=_tvalpha=_tvbeta=_rweights=	UserKNN_nn=50_sim=cosine_imp=standard_bin=False_shrink=0_norm=True_asymalpha=_tvalpha=_tvbeta=_rweights=	MAP	4.5602479144772906e-14
UserKNN_nn=50_sim=cosine_imp=standard_bin=False_shrink=0_norm=True_asymalpha=_tvalpha=_tvbeta=_rweights=	ItemKNN_nn=50_sim=cosine_imp=standard_bin=False_shrink=0_norm=True_asymalpha=_tvalpha=_tvbeta=_rweights=	MAP	4.5602479144772906e-14
ItemKNN_nn=50_sim=cosine_imp=standard_bin=False_shrink=0_norm=True_asymalpha=_tvalpha=_tvbeta=_rweights=	MostPop	nDCG	6.247452046310094e-101
MostPop	ItemKNN_nn=50_sim=cosine_imp=standard_bin=False_shrink=0_norm=True_asymalpha=_tvalpha=_tvbeta=_rweights=	nDCG	6.247452046310094e-101
ItemKNN_nn=50_sim=cosine_imp=standard_bin=False_shrink=0_norm=True_asymalpha=_tvalpha=_tvbeta=_rweights=	MostPop	Recall	7.019635576857452e-38
MostPop	ItemKNN_nn=50_sim=cosine_imp=standard_bin=False_shrink=0_norm=True_asymalpha=_tvalpha=_tvbeta=_rweights=	Recall	7.019635576857452e-38
ItemKNN_nn=50_sim=cosine_imp=standard_bin=False_shrink=0_norm=True_asymalpha=_tvalpha=_tvbeta=_rweights=	MostPop	Precision	2.9957771903493574e-110
MostPop	ItemKNN_nn=50_sim=cosine_imp=standard_bin=False_shrink=0_norm=True_asymalpha=_tvalpha=_tvbeta=_rweights=	Precision	2.9957771903493574e-110
ItemKNN_nn=50_sim=cosine_imp=standard_bin=False_shrink=0_norm=True_asymalpha=_tvalpha=_tvbeta=_rweights=	MostPop	HR	7.62691142793344e-15
MostPop	ItemKNN_nn=50_sim=cosine_imp=standard_bin=False_shrink=0_norm=True_asymalpha=_tvalpha=_tvbeta=_rweights=	HR	7.62691142793344e-15
ItemKNN_nn=50_sim=cosine_imp=standard_bin=False_shrink=0_norm=True_asymalpha=_tvalpha=_tvbeta=_rweights=	MostPop	F1	9.189905482610259e-64
MostPop	ItemKNN_nn=50_sim=cosine_imp=standard_bin=False_shrink=0_norm=True_asymalpha=_tvalpha=_tvbeta=_rweights=	F1	9.189905482610259e-64
ItemKNN_nn=50_sim=cosine_imp=standard_bin=False_shrink=0_norm=True_asymalpha=_tvalpha=_tvbeta=_rweights=	MostPop	MAP	2.9203224644246535e-65
MostPop	ItemKNN_nn=50_sim=cosine_imp=standard_bin=False_shrink=0_norm=True_asymalpha=_tvalpha=_tvbeta=_rweights=	MAP	2.9203224644246535e-65
ItemKNN_nn=50_sim=cosine_imp=standard_bin=False_shrink=0_norm=True_asymalpha=_tvalpha=_tvbeta=_rweights=	Random_seed=42	nDCG	0.0
Random_seed=42	ItemKNN_nn=50_sim=cosine_imp=standard_bin=False_shrink=0_norm=True_asymalpha=_tvalpha=_tvbeta=_rweights=	nDCG	0.0
ItemKNN_nn=50_sim=cosine_imp=standard_bin=False_shrink=0_norm=True_asymalpha=_tvalpha=_tvbeta=_rweights=	Random_seed=42	Recall	0.0
Random_seed=42	ItemKNN_nn=50_sim=cosine_imp=standard_bin=False_shrink=0_norm=True_asymalpha=_tvalpha=_tvbeta=_rweights=	Recall	0.0
ItemKNN_nn=50_sim=cosine_imp=standard_bin=False_shrink=0_norm=True_asymalpha=_tvalpha=_tvbeta=_rweights=	Random_seed=42	Precision	0.0
Random_seed=42	ItemKNN_nn=50_sim=cosine_imp=standard_bin=False_shrink=0_norm=True_asymalpha=_tvalpha=_tvbeta=_rweights=	Precision	0.0
ItemKNN_nn=50_sim=cosine_imp=standard_bin=False_shrink=0_norm=True_asymalpha=_tvalpha=_tvbeta=_rweights=	Random_seed=42	HR	0.0
Random_seed=42	ItemKNN_nn=50_sim=cosine_imp=standard_bin=False_shrink=0_norm=True_asymalpha=_tvalpha=_tvbeta=_rweights=	HR	0.0
ItemKNN_nn=50_sim=cosine_imp=standard_bin=False_shrink=0_norm=True_asymalpha=_tvalpha=_tvbeta=_rweights=	Random_seed=42	F1	0.0
Random_seed=42	ItemKNN_nn=50_sim=cosine_imp=standard_bin=False_shrink=0_norm=True_asymalpha=_tvalpha=_tvbeta=_rweights=	F1	0.0
ItemKNN_nn=50_sim=cosine_imp=standard_bin=False_shrink=0_norm=True_asymalpha=_tvalpha=_tvbeta=_rweights=	Random_seed=42	MAP	0.0
Random_seed=42	ItemKNN_nn=50_sim=cosine_imp=standard_bin=False_shrink=0_norm=True_asymalpha=_tvalpha=_tvbeta=_rweights=	MAP	0.0
UserKNN_nn=50_sim=cosine_imp=standard_bin=False_shrink=0_norm=True_asymalpha=_tvalpha=_tvbeta=_rweights=	MostPop	nDCG	3.0709993736500026e-61
MostPop	UserKNN_nn=50_sim=cosine_imp=standard_bin=False_shrink=0_norm=True_asymalpha=_tvalpha=_tvbeta=_rweights=	nDCG	3.0709993736500026e-61
UserKNN_nn=50_sim=cosine_imp=standard_bin=False_shrink=0_norm=True_asymalpha=_tvalpha=_tvbeta=_rweights=	MostPop	Recall	6.416751165419731e-19
MostPop	UserKNN_nn=50_sim=cosine_imp=standard_bin=False_shrink=0_norm=True_asymalpha=_tvalpha=_tvbeta=_rweights=	Recall	6.416751165419731e-19
UserKNN_nn=50_sim=cosine_imp=standard_bin=False_shrink=0_norm=True_asymalpha=_tvalpha=_tvbeta=_rweights=	MostPop	Precision	6.96650777791e-27
MostPop	UserKNN_nn=50_sim=cosine_imp=standard_bin=False_shrink=0_norm=True_asymalpha=_tvalpha=_tvbeta=_rweights=	Precision	6.96650777791e-27
UserKNN_nn=50_sim=cosine_imp=standard_bin=False_shrink=0_norm=True_asymalpha=_tvalpha=_tvbeta=_rweights=	MostPop	HR	0.3978082094111902
MostPop	UserKNN_nn=50_sim=cosine_imp=standard_bin=False_shrink=0_norm=True_asymalpha=_tvalpha=_tvbeta=_rweights=	HR	0.3978082094111902
UserKNN_nn=50_sim=cosine_imp=standard_bin=False_shrink=0_norm=True_asymalpha=_tvalpha=_tvbeta=_rweights=	MostPop	F1	1.909014749364795e-23
MostPop	UserKNN_nn=50_sim=cosine_imp=standard_bin=False_shrink=0_norm=True_asymalpha=_tvalpha=_tvbeta=_rweights=	F1	1.909014749364795e-23
UserKNN_nn=50_sim=cosine_imp=standard_bin=False_shrink=0_norm=True_asymalpha=_tvalpha=_tvbeta=_rweights=	MostPop	MAP	5.837187576664699e-20
MostPop	UserKNN_nn=50_sim=cosine_imp=standard_bin=False_shrink=0_norm=True_asymalpha=_tvalpha=_tvbeta=_rweights=	MAP	5.837187576664699e-20
UserKNN_nn=50_sim=cosine_imp=standard_bin=False_shrink=0_norm=True_asymalpha=_tvalpha=_tvbeta=_rweights=	Random_seed=42	nDCG	0.0
Random_seed=42	UserKNN_nn=50_sim=cosine_imp=standard_bin=False_shrink=0_norm=True_asymalpha=_tvalpha=_tvbeta=_rweights=	nDCG	0.0
UserKNN_nn=50_sim=cosine_imp=standard_bin=False_shrink=0_norm=True_asymalpha=_tvalpha=_tvbeta=_rweights=	Random_seed=42	Recall	8.018645316870983e-291
Random_seed=42	UserKNN_nn=50_sim=cosine_imp=standard_bin=False_shrink=0_norm=True_asymalpha=_tvalpha=_tvbeta=_rweights=	Recall	8.018645316870983e-291
UserKNN_nn=50_sim=cosine_imp=standard_bin=False_shrink=0_norm=True_asymalpha=_tvalpha=_tvbeta=_rweights=	Random_seed=42	Precision	0.0
Random_seed=42	UserKNN_nn=50_sim=cosine_imp=standard_bin=False_shrink=0_norm=True_asymalpha=_tvalpha=_tvbeta=_rweights=	Precision	0.0
UserKNN_nn=50_sim=cosine_imp=standard_bin=False_shrink=0_norm=True_asymalpha=_tvalpha=_tvbeta=_rweights=	Random_seed=42	HR	0.0
Random_seed=42	UserKNN_nn=50_sim=cosine_imp=standard_bin=False_shrink=0_norm=True_asymalpha=_tvalpha=_tvbeta=_rweights=	HR	0.0
UserKNN_nn=50_sim=cosine_imp=standard_bin=False_shrink=0_norm=True_asymalpha=_tvalpha=_tvbeta=_rweights=	Random_seed=42	F1	0.0
Random_seed=42	UserKNN_nn=50_sim=cosine_imp=standard_bin=False_shrink=0_norm=True_asymalpha=_tvalpha=_tvbeta=_rweights=	F1	0.0
UserKNN_nn=50_sim=cosine_imp=standard_bin=False_shrink=0_norm=True_asymalpha=_tvalpha=_tvbeta=_rweights=	Random_seed=42	MAP	0.0
Random_seed=42	UserKNN_nn=50_sim=cosine_imp=standard_bin=False_shrink=0_norm=True_asymalpha=_tvalpha=_tvbeta=_rweights=	MAP	0.0
MostPop	Random_seed=42	nDCG	0.0
Random_seed=42	MostPop	nDCG	0.0
MostPop	Random_seed=42	Recall	0.0
Random_seed=42	MostPop	Recall	0.0
MostPop	Random_seed=42	Precision	0.0
Random_seed=42	MostPop	Precision	0.0
MostPop	Random_seed=42	HR	0.0
Random_seed=42	MostPop	HR	0.0
MostPop	Random_seed=42	F1	0.0
Random_seed=42	MostPop	F1	0.0
MostPop	Random_seed=42	MAP	0.0
Random_seed=42	MostPop	MAP	0.0
